{
	"info": {
		"_postman_id": "5587b017-ee97-47fc-82ee-b14942e88ce1",
		"name": "S4 Industry Project",
		"schema": "https://schema.getpostman.com/json/collection/v2.1.0/collection.json",
		"_exporter_id": "14655794"
	},
	"item": [
		{
			"name": ".NET6 Minimal API",
			"item": [
				{
					"name": "Root .NET6 minimal API",
					"request": {
						"method": "GET",
						"header": [],
						"url": {
							"raw": "https://deliveryevesg1minimalapi.livelygrass-d3385627.northeurope.azurecontainerapps.io",
							"protocol": "https",
							"host": [
								"deliveryevesg1minimalapi",
								"livelygrass-d3385627",
								"northeurope",
								"azurecontainerapps",
								"io"
							]
						}
					},
					"response": []
				},
				{
					"name": "Post sample data",
					"request": {
						"method": "POST",
						"header": [],
						"body": {
							"mode": "raw",
							"raw": "{\r\n\"RackId\":\"1\",\r\n\"RackRow\": 1,\r\n\"Label\":1,\r\n\"WeightPre\": 2.4,\r\n\"WeightPost\":2.2,\r\n\"WeightDiff\":0.2,\r\n\"DistMinH\":1,\r\n\"DistMaxH\":10,\r\n\"DistAvgH\":5,\r\n\"DistMinL\":1,\r\n\"DistMaxL\":10,\r\n\"DistAvgL\":5,\r\n\"DistTime\":7\r\n}",
							"options": {
								"raw": {
									"language": "json"
								}
							}
						},
						"url": {
							"raw": "https://deliveryevesg1minimalapi.livelygrass-d3385627.northeurope.azurecontainerapps.io/sampledata",
							"protocol": "https",
							"host": [
								"deliveryevesg1minimalapi",
								"livelygrass-d3385627",
								"northeurope",
								"azurecontainerapps",
								"io"
							],
							"path": [
								"sampledata"
							]
						}
					},
					"response": []
				},
				{
					"name": "Get sample data",
					"request": {
						"method": "GET",
						"header": [],
						"url": {
							"raw": "https://deliveryevesg1minimalapi.livelygrass-d3385627.northeurope.azurecontainerapps.io/sampledata",
							"protocol": "https",
							"host": [
								"deliveryevesg1minimalapi",
								"livelygrass-d3385627",
								"northeurope",
								"azurecontainerapps",
								"io"
							],
							"path": [
								"sampledata"
							]
						}
					},
					"response": []
				},
				{
					"name": "Post rack",
					"request": {
						"method": "POST",
						"header": [],
						"body": {
							"mode": "raw",
							"raw": "{\r\n    \"RackId\":\"1\"\r\n}",
							"options": {
								"raw": {
									"language": "json"
								}
							}
						},
						"url": {
							"raw": "https://deliveryevesg1minimalapi.livelygrass-d3385627.northeurope.azurecontainerapps.io/racks",
							"protocol": "https",
							"host": [
								"deliveryevesg1minimalapi",
								"livelygrass-d3385627",
								"northeurope",
								"azurecontainerapps",
								"io"
							],
							"path": [
								"racks"
							]
						}
					},
					"response": []
				},
				{
					"name": "Get racks",
					"request": {
						"method": "GET",
						"header": [],
						"url": {
							"raw": "https://deliveryevesg1minimalapi.livelygrass-d3385627.northeurope.azurecontainerapps.io/racks",
							"protocol": "https",
							"host": [
								"deliveryevesg1minimalapi",
								"livelygrass-d3385627",
								"northeurope",
								"azurecontainerapps",
								"io"
							],
							"path": [
								"racks"
							]
						}
					},
					"response": []
				},
				{
					"name": "Get racks without customer",
					"request": {
						"method": "GET",
						"header": [],
						"url": {
							"raw": "https://deliveryevesg1minimalapi.livelygrass-d3385627.northeurope.azurecontainerapps.io/nocustomer",
							"protocol": "https",
							"host": [
								"deliveryevesg1minimalapi",
								"livelygrass-d3385627",
								"northeurope",
								"azurecontainerapps",
								"io"
							],
							"path": [
								"nocustomer"
							]
						}
					},
					"response": []
				},
				{
					"name": "Update rack (Add customer id)",
					"request": {
						"method": "PUT",
						"header": [],
						"body": {
							"mode": "raw",
							"raw": "{\r\n    \"RackId\":\"1\",\r\n    \"CustomerId\": \"1\"\r\n}",
							"options": {
								"raw": {
									"language": "json"
								}
							}
						},
						"url": {
							"raw": "https://deliveryevesg1minimalapi.livelygrass-d3385627.northeurope.azurecontainerapps.io/racks",
							"protocol": "https",
							"host": [
								"deliveryevesg1minimalapi",
								"livelygrass-d3385627",
								"northeurope",
								"azurecontainerapps",
								"io"
							],
							"path": [
								"racks"
							]
						}
					},
					"response": []
				},
				{
					"name": "Update rack (Add drinks)",
					"request": {
						"method": "PUT",
						"header": [],
						"body": {
							"mode": "raw",
							"raw": "{\r\n    \"RackId\":\"1\",\r\n    \"CustomerId\": \"1\",\r\n    \"Row1\": [\"Cola\"],\r\n    \"Row2\": [\"Cola\", \"Fanta\"],\r\n    \"Row3\": [\"Cola\"],\r\n    \"Row4\": [\"Cola\"]\r\n}",
							"options": {
								"raw": {
									"language": "json"
								}
							}
						},
						"url": {
							"raw": "https://deliveryevesg1minimalapi.livelygrass-d3385627.northeurope.azurecontainerapps.io/racks",
							"protocol": "https",
							"host": [
								"deliveryevesg1minimalapi",
								"livelygrass-d3385627",
								"northeurope",
								"azurecontainerapps",
								"io"
							],
							"path": [
								"racks"
							]
						}
					},
					"response": []
				},
				{
					"name": "Get racks by rack id",
					"request": {
						"method": "GET",
						"header": [],
						"url": {
							"raw": "https://deliveryevesg1minimalapi.livelygrass-d3385627.northeurope.azurecontainerapps.io/racksbyrackid/1",
							"protocol": "https",
							"host": [
								"deliveryevesg1minimalapi",
								"livelygrass-d3385627",
								"northeurope",
								"azurecontainerapps",
								"io"
							],
							"path": [
								"racksbyrackid",
								"1"
							]
						}
					},
					"response": []
				},
				{
					"name": "Get racks by customer id",
					"request": {
						"method": "GET",
						"header": [],
						"url": {
							"raw": "https://deliveryevesg1minimalapi.livelygrass-d3385627.northeurope.azurecontainerapps.io/racksbycustomerid/1",
							"protocol": "https",
							"host": [
								"deliveryevesg1minimalapi",
								"livelygrass-d3385627",
								"northeurope",
								"azurecontainerapps",
								"io"
							],
							"path": [
								"racksbycustomerid",
								"1"
							]
						}
					},
					"response": []
				},
				{
					"name": "Restock rack",
					"request": {
						"method": "GET",
						"header": [],
						"url": {
							"raw": "https://deliveryevesg1minimalapi.livelygrass-d3385627.northeurope.azurecontainerapps.io/restock/10:52:1C:68:F6:CC",
							"protocol": "https",
							"host": [
								"deliveryevesg1minimalapi",
								"livelygrass-d3385627",
								"northeurope",
								"azurecontainerapps",
								"io"
							],
							"path": [
								"restock",
								"10:52:1C:68:F6:CC"
							]
						}
					},
					"response": []
				},
				{
					"name": "Delete rack",
					"request": {
						"method": "DELETE",
						"header": [],
						"url": {
							"raw": "https://deliveryevesg1minimalapi.livelygrass-d3385627.northeurope.azurecontainerapps.io/racks/1",
							"protocol": "https",
							"host": [
								"deliveryevesg1minimalapi",
								"livelygrass-d3385627",
								"northeurope",
								"azurecontainerapps",
								"io"
							],
							"path": [
								"racks",
								"1"
							]
						}
					},
					"response": []
				},
				{
					"name": "Reload AI model",
					"request": {
						"method": "GET",
						"header": [],
						"url": {
							"raw": "https://deliveryevesg1minimalapi.livelygrass-d3385627.northeurope.azurecontainerapps.io/reloadmodel",
							"protocol": "https",
							"host": [
								"deliveryevesg1minimalapi",
								"livelygrass-d3385627",
								"northeurope",
								"azurecontainerapps",
								"io"
							],
							"path": [
								"reloadmodel"
							]
						}
					},
					"response": []
				},
				{
					"name": "Get prediction from AI model",
					"request": {
						"method": "POST",
						"header": [],
						"body": {
							"mode": "raw",
							"raw": "{\r\n\"RackId\":\"1\",\r\n\"Row\": 1,\r\n\"DistMinH\":1,\r\n\"DistMaxH\":10,\r\n\"DistAvgH\":5,\r\n\"DistMinL\":1,\r\n\"DistMaxL\":10,\r\n\"DistAvgL\":5,\r\n\"DistTime\":7\r\n}",
							"options": {
								"raw": {
									"language": "json"
								}
							}
						},
						"url": {
							"raw": "https://deliveryevesg1minimalapi.livelygrass-d3385627.northeurope.azurecontainerapps.io/predict",
							"protocol": "https",
							"host": [
								"deliveryevesg1minimalapi",
								"livelygrass-d3385627",
								"northeurope",
								"azurecontainerapps",
								"io"
							],
							"path": [
								"predict"
							]
						}
					},
					"response": []
				},
				{
					"name": "Post prediction to database",
					"request": {
						"method": "POST",
						"header": [],
						"body": {
							"mode": "raw",
							"raw": "{\r\n\"RackId\":\"1\",\r\n\"Row\": 1,\r\n\"Position\": 2\r\n}",
							"options": {
								"raw": {
									"language": "json"
								}
							}
						},
						"url": {
							"raw": "https://deliveryevesg1minimalapi.livelygrass-d3385627.northeurope.azurecontainerapps.io/prediction",
							"protocol": "https",
							"host": [
								"deliveryevesg1minimalapi",
								"livelygrass-d3385627",
								"northeurope",
								"azurecontainerapps",
								"io"
							],
							"path": [
								"prediction"
							]
						}
					},
					"response": []
				},
				{
					"name": "Get predictions by customer id",
					"request": {
						"method": "GET",
						"header": [],
						"url": {
							"raw": "https://deliveryevesg1minimalapi.livelygrass-d3385627.northeurope.azurecontainerapps.io/predictions/1",
							"protocol": "https",
							"host": [
								"deliveryevesg1minimalapi",
								"livelygrass-d3385627",
								"northeurope",
								"azurecontainerapps",
								"io"
							],
							"path": [
								"predictions",
								"1"
							]
						}
					},
					"response": []
				},
				{
					"name": "Get total predictions per customer",
					"request": {
						"method": "POST",
						"header": [],
						"body": {
							"mode": "raw",
							"raw": "{\r\n    \"Name\":\"Daan\",\r\n    \"CustomerId\":\"1\"\r\n}",
							"options": {
								"raw": {
									"language": "json"
								}
							}
						},
						"url": {
							"raw": "https://deliveryevesg1minimalapi.livelygrass-d3385627.northeurope.azurecontainerapps.io/totalpredictions",
							"protocol": "https",
							"host": [
								"deliveryevesg1minimalapi",
								"livelygrass-d3385627",
								"northeurope",
								"azurecontainerapps",
								"io"
							],
							"path": [
								"totalpredictions"
							]
						}
					},
					"response": []
				}
			],
			"description": "All API requests for the .NET6 Minimal API"
		},
		{
			"name": "Python FastAPI",
			"item": [
				{
					"name": "Root FastAPI",
					"request": {
						"method": "GET",
						"header": [],
						"url": {
							"raw": "https://deliveryvesg1fastapi.livelygrass-d3385627.northeurope.azurecontainerapps.io",
							"protocol": "https",
							"host": [
								"deliveryvesg1fastapi",
								"livelygrass-d3385627",
								"northeurope",
								"azurecontainerapps",
								"io"
							]
						}
					},
					"response": []
				},
				{
					"name": "Reaload AI model (FastAPI)",
					"request": {
						"method": "GET",
						"header": [],
						"url": {
							"raw": "https://deliveryvesg1fastapi.livelygrass-d3385627.northeurope.azurecontainerapps.io/reload",
							"protocol": "https",
							"host": [
								"deliveryvesg1fastapi",
								"livelygrass-d3385627",
								"northeurope",
								"azurecontainerapps",
								"io"
							],
							"path": [
								"reload"
							]
						}
					},
					"response": []
				},
				{
					"name": "Get prediction from AI model (FastAPI)",
					"request": {
						"method": "POST",
						"header": [],
						"body": {
							"mode": "raw",
							"raw": "{\r\n\"RackId\":\"1\",\r\n\"Row\": 1,\r\n\"DistMinH\":1,\r\n\"DistMaxH\":10,\r\n\"DistAvgH\":5,\r\n\"DistMinL\":1,\r\n\"DistMaxL\":10,\r\n\"DistAvgL\":5,\r\n\"DistTime\":7\r\n}",
							"options": {
								"raw": {
									"language": "json"
								}
							}
						},
						"url": {
							"raw": "https://deliveryvesg1fastapi.livelygrass-d3385627.northeurope.azurecontainerapps.io/predict",
							"protocol": "https",
							"host": [
								"deliveryvesg1fastapi",
								"livelygrass-d3385627",
								"northeurope",
								"azurecontainerapps",
								"io"
							],
							"path": [
								"predict"
							]
						}
					},
					"response": []
				}
			],
			"description": "All API requests for the Python FastAPI"
		}
	]
}